population,mean,standard_deviation,z_value,probability
25212483,5.651032982352432,3.4023030407638566,0.6904049961170412,75.50302321311244
13035475,14.488219646771599,1.7181913364373436,1.4618746468810384,92.81122181578635
14736111,20.935850306773613,2.0112649329748424,0.529094738231434,70.16301343165809
57613593,40.27041005757096,9.80811110565331,-0.8432214896917277,19.955229097204796
15124681,69.94435697519835,8.20786976330661,-1.0897293978986133,13.791618114221338
