mean,median,mode,variance,standard_deviation
31.968097807806576,29,30,445.8243541239423,21.11455313578628
